project_id,property_id,project_type,capital_required,expected_noi_lift,expected_value_lift,risk_reduction_points,priority_note
CAP-P001-1,P001,Unit renovation,755423.0,81324.84,1690638.51,9.65,Unit renovation expected to improve NOI and reduce operating risk.
CAP-P001-2,P001,Debt paydown,449776.0,30564.21,635390.59,2.59,Debt paydown expected to improve NOI and reduce operating risk.
CAP-P002-1,P002,Building systems,192466.0,12461.78,245416.48,3.83,Building systems expected to improve NOI and reduce operating risk.
CAP-P002-2,P002,Building systems,386734.0,29149.33,574053.08,6.6,Building systems expected to improve NOI and reduce operating risk.
CAP-P003-1,P003,Unit renovation,598597.0,44848.74,963384.02,7.96,Unit renovation expected to improve NOI and reduce operating risk.
CAP-P003-2,P003,Unit renovation,721070.0,61726.25,1325925.35,5.72,Unit renovation expected to improve NOI and reduce operating risk.
CAP-P004-1,P004,Debt paydown,480601.0,40605.59,932623.21,2.92,Debt paydown expected to improve NOI and reduce operating risk.
CAP-P004-2,P004,Building systems,837223.0,90517.37,2078989.58,11.52,Building systems expected to improve NOI and reduce operating risk.
CAP-P005-1,P005,Debt paydown,213789.0,20899.24,468206.53,11.85,Debt paydown expected to improve NOI and reduce operating risk.
CAP-P005-2,P005,Energy retrofit,294217.0,31402.31,703507.09,8.52,Energy retrofit expected to improve NOI and reduce operating risk.
CAP-P006-1,P006,Debt paydown,797314.0,98553.0,2049366.51,7.38,Debt paydown expected to improve NOI and reduce operating risk.
CAP-P006-2,P006,Building systems,656465.0,53882.42,1120461.37,3.06,Building systems expected to improve NOI and reduce operating risk.
CAP-P007-1,P007,Unit renovation,787278.0,90242.73,1759920.55,11.68,Unit renovation expected to improve NOI and reduce operating risk.
CAP-P007-2,P007,Building systems,457774.0,31469.94,613729.18,11.99,Building systems expected to improve NOI and reduce operating risk.
CAP-P008-1,P008,Unit renovation,530169.0,64598.95,1324759.94,3.49,Unit renovation expected to improve NOI and reduce operating risk.
CAP-P008-2,P008,Unit renovation,495386.0,59914.55,1228694.96,5.38,Unit renovation expected to improve NOI and reduce operating risk.
CAP-P009-1,P009,Energy retrofit,839158.0,69455.29,1448272.9,11.78,Energy retrofit expected to improve NOI and reduce operating risk.
CAP-P009-2,P009,Debt paydown,748204.0,90884.28,1895107.26,11.47,Debt paydown expected to improve NOI and reduce operating risk.
CAP-P010-1,P010,Unit renovation,836266.0,108129.56,2193519.87,10.28,Unit renovation expected to improve NOI and reduce operating risk.
CAP-P010-2,P010,Unit renovation,269203.0,19599.17,397589.31,9.93,Unit renovation expected to improve NOI and reduce operating risk.
CAP-P011-1,P011,Unit renovation,368553.0,24826.43,487582.62,2.61,Unit renovation expected to improve NOI and reduce operating risk.
CAP-P011-2,P011,Building systems,432692.0,38653.55,759142.55,7.8,Building systems expected to improve NOI and reduce operating risk.
CAP-P012-1,P012,Building systems,502264.0,46153.87,939488.52,7.05,Building systems expected to improve NOI and reduce operating risk.
CAP-P012-2,P012,Energy retrofit,678515.0,49793.13,1013567.75,8.99,Energy retrofit expected to improve NOI and reduce operating risk.
CAP-P013-1,P013,Building systems,706527.0,46097.17,1010721.13,5.07,Building systems expected to improve NOI and reduce operating risk.
CAP-P013-2,P013,Building systems,361108.0,38571.97,845724.52,4.84,Building systems expected to improve NOI and reduce operating risk.
CAP-P014-1,P014,Energy retrofit,629091.0,49813.64,1100139.92,11.1,Energy retrofit expected to improve NOI and reduce operating risk.
CAP-P014-2,P014,Debt paydown,661858.0,76458.09,1688585.9,11.45,Debt paydown expected to improve NOI and reduce operating risk.
CAP-P015-1,P015,Building systems,248616.0,20989.28,451723.21,7.24,Building systems expected to improve NOI and reduce operating risk.
CAP-P015-2,P015,Building systems,411983.0,41676.9,896954.01,2.69,Building systems expected to improve NOI and reduce operating risk.
CAP-P016-1,P016,Energy retrofit,281670.0,26824.02,592962.46,7.43,Energy retrofit expected to improve NOI and reduce operating risk.
CAP-P016-2,P016,Debt paydown,460067.0,29393.49,649762.14,10.84,Debt paydown expected to improve NOI and reduce operating risk.
CAP-P017-1,P017,Energy retrofit,182545.0,19237.5,424452.17,4.5,Energy retrofit expected to improve NOI and reduce operating risk.
CAP-P017-2,P017,Building systems,487969.0,38012.27,838694.48,3.5,Building systems expected to improve NOI and reduce operating risk.
CAP-P018-1,P018,Building systems,536847.0,62247.55,1224203.21,9.64,Building systems expected to improve NOI and reduce operating risk.
CAP-P018-2,P018,Unit renovation,801161.0,89816.89,1766401.0,7.79,Unit renovation expected to improve NOI and reduce operating risk.
CAP-P019-1,P019,Debt paydown,677488.0,87294.96,1694403.66,8.95,Debt paydown expected to improve NOI and reduce operating risk.
CAP-P019-2,P019,Debt paydown,373464.0,27690.57,537476.55,7.51,Debt paydown expected to improve NOI and reduce operating risk.
CAP-P020-1,P020,Unit renovation,412592.0,38778.86,876428.72,2.85,Unit renovation expected to improve NOI and reduce operating risk.
CAP-P020-2,P020,Building systems,641505.0,54491.79,1231551.77,11.6,Building systems expected to improve NOI and reduce operating risk.
CAP-P021-1,P021,Energy retrofit,547400.0,49760.16,1146510.44,8.81,Energy retrofit expected to improve NOI and reduce operating risk.
CAP-P021-2,P021,Debt paydown,335052.0,25696.0,592054.57,7.39,Debt paydown expected to improve NOI and reduce operating risk.
CAP-P022-1,P022,Unit renovation,849782.0,69883.8,1470230.38,6.12,Unit renovation expected to improve NOI and reduce operating risk.
CAP-P022-2,P022,Unit renovation,539387.0,37844.05,796171.32,10.11,Unit renovation expected to improve NOI and reduce operating risk.
CAP-P023-1,P023,Debt paydown,378918.0,41526.71,852852.72,5.89,Debt paydown expected to improve NOI and reduce operating risk.
CAP-P023-2,P023,Energy retrofit,465598.0,50753.58,1042349.12,10.23,Energy retrofit expected to improve NOI and reduce operating risk.
CAP-P024-1,P024,Unit renovation,510613.0,45983.29,1029920.06,4.98,Unit renovation expected to improve NOI and reduce operating risk.
CAP-P024-2,P024,Energy retrofit,241946.0,31032.08,695047.25,2.88,Energy retrofit expected to improve NOI and reduce operating risk.
