property_id,month,occupancy,revenue,operating_expenses,noi
P001,2022-09,0.9376,279208.95,120003.65,159205.3
P001,2022-10,0.9583,286046.07,123522.43,162523.64
P001,2022-11,0.9321,278869.66,120991.77,157877.89
P001,2022-12,0.9557,286623.32,124942.67,161680.65
P001,2023-01,0.9425,283322.75,124086.75,159236.0
P001,2023-02,0.9453,284837.02,125338.67,159498.35
P001,2023-03,0.9399,283885.15,125509.34,158375.81
P001,2023-04,0.9389,284230.09,126254.87,157975.22
P001,2023-05,0.9126,276920.79,123588.58,153332.21
P001,2023-06,0.9293,282664.2,126747.18,155917.02
P001,2023-07,0.9271,282665.66,127345.99,155319.67
P001,2023-08,0.9283,283688.41,128409.9,155278.51
P001,2023-09,0.9325,285632.05,129899.82,155732.23
P001,2023-10,0.9524,292422.07,133615.39,158806.68
P001,2023-11,0.938,288672.23,132524.46,156147.77
P001,2023-12,0.9489,292726.78,135020.03,157706.75
P001,2024-01,0.9373,289824.63,134312.29,155512.34
P001,2024-02,0.9413,291749.14,135842.21,155906.93
P001,2024-03,0.9274,288128.08,134789.31,153338.77
P001,2024-04,0.9371,291832.02,137166.33,154665.69
P001,2024-05,0.9336,291415.1,137616.76,153798.34
P001,2024-06,0.9247,289324.14,137274.12,152050.02
P001,2024-07,0.9437,295952.1,141081.52,154870.58
P001,2024-08,0.9439,296724.34,142117.18,154607.16
P001,2024-09,0.9625,303278.49,145941.81,157336.68
P001,2024-10,0.9566,302126.52,146073.58,156052.94
P001,2024-11,0.9449,299127.94,145306.32,153821.62
P001,2024-12,0.9381,297697.53,145293.93,152403.6
P001,2025-01,0.946,300892.98,147546.54,153346.44
P001,2025-02,0.9487,302465.39,149017.53,153447.86
P001,2025-03,0.9301,297233.47,147130.97,150102.5
P001,2025-04,0.9361,299848.75,149125.98,150722.77
P001,2025-05,0.9355,300381.09,150095.74,150285.35
P001,2025-06,0.927,298344.81,149781.78,148563.03
P001,2025-07,0.9345,301478.35,152069.22,149409.13
P001,2025-08,0.9301,300739.76,152412.56,148327.2
P001,2025-09,0.9372,303755.12,154667.2,149087.92
P001,2025-10,0.9417,305957.36,156523.74,149433.62
P001,2025-11,0.9614,313076.79,160921.81,152154.98
P001,2025-12,0.9511,310467.87,160333.92,150133.95
P001,2026-01,0.9499,310806.81,161266.43,149540.38
P001,2026-02,0.9484,311044.66,162151.47,148893.19
P001,2026-03,0.9338,306974.07,160784.64,146189.43
P001,2026-04,0.9336,307608.54,161877.3,145731.24
P001,2026-05,0.9335,308299.44,163006.54,145292.9
P001,2026-06,0.935,309530.41,164429.72,145100.69
P001,2026-07,0.9129,302927.56,161681.56,141246.0
P001,2026-08,0.932,310001.45,166237.93,143763.52
P002,2022-09,0.9501,349523.24,133486.88,216036.36
P002,2022-10,0.9563,353182.01,135387.3,217794.71
P002,2022-11,0.9508,352504.1,135631.44,216872.66
P002,2022-12,0.9608,357563.51,138091.27,219472.24
P002,2023-01,0.9655,360709.05,139825.66,220883.39
P002,2023-02,0.9598,359954.06,140053.43,219900.63
P002,2023-03,0.9467,356412.16,139192.56,217219.6
P002,2023-04,0.9485,358473.3,140519.68,217953.62
P002,2023-05,0.9405,356831.55,140397.83,216433.72
P002,2023-06,0.9421,358811.62,141703.47,217108.15
P002,2023-07,0.9418,360065.8,142729.15,217336.65
P002,2023-08,0.9545,366355.13,145763.88,220591.25
P002,2023-09,0.9499,365981.18,146158.21,219822.97
P002,2023-10,0.9574,370304.39,148436.31,221868.08
P002,2023-11,0.9648,374582.75,150711.32,223871.43
P002,2023-12,0.9649,376069.33,151873.8,224195.53
P002,2024-01,0.9387,367278.14,148876.74,218401.4
P002,2024-02,0.9551,375128.34,152625.98,222502.36
P002,2024-03,0.9444,372357.49,152063.69,220293.8
P002,2024-04,0.9291,367746.37,150740.74,217005.63
P002,2024-05,0.9425,374487.58,154076.54,220411.04
P002,2024-06,0.9426,375956.49,155257.82,220698.67
P002,2024-07,0.9304,372536.29,154419.21,218117.08
P002,2024-08,0.9417,378524.61,157486.63,221037.98
P002,2024-09,0.9587,386818.12,161537.44,225280.68
P002,2024-10,0.9535,386198.88,161880.39,224318.49
P002,2024-11,0.9483,385571.33,162220.14,223351.19
P002,2024-12,0.9671,394742.21,166698.02,228044.19
P002,2025-01,0.9413,385718.01,163494.68,222223.33
P002,2025-02,0.9445,388484.73,165281.59,223203.14
P002,2025-03,0.9408,388491.89,165901.12,222590.77
P002,2025-04,0.9387,389101.66,166781.26,222320.4
P002,2025-05,0.9331,388288.35,167053.42,221234.93
P002,2025-06,0.9392,392303.64,169410.44,222893.2
P002,2025-07,0.9446,396094.58,171685.48,224409.1
P002,2025-08,0.9433,397076.77,172753.15,224323.62
P002,2025-09,0.9471,400209.29,174765.41,225443.88
P002,2025-10,0.9507,403299.78,176771.86,226527.92
P002,2025-11,0.9497,404399.94,177915.2,226484.74
P002,2025-12,0.9531,407433.5,179918.38,227515.12
P002,2026-01,0.9517,408388.85,181012.89,227375.96
P002,2026-02,0.9505,409450.88,182160.52,227290.36
P002,2026-03,0.9344,404078.92,180441.1,223637.82
P002,2026-04,0.9424,409105.6,183367.15,225738.45
P002,2026-05,0.943,410941.57,184877.05,226064.52
P002,2026-06,0.9408,411559.56,185845.67,225713.89
P002,2026-07,0.9397,412642.47,187029.67,225612.8
P002,2026-08,0.9418,415164.1,188874.45,226289.65
P003,2022-09,0.9688,249854.55,105626.59,144227.96
P003,2022-10,0.9641,249582.92,105752.12,143830.8
P003,2022-11,0.9692,251862.99,106961.34,144901.65
P003,2022-12,0.987,257477.15,109594.66,147882.49
P003,2023-01,0.954,249805.27,106571.36,143233.91
P003,2023-02,0.9683,254525.75,108832.56,145693.19
P003,2023-03,0.9587,252968.17,108412.97,144555.2
P003,2023-04,0.9596,254155.55,109169.97,144985.58
P003,2023-05,0.9666,256976.0,110632.92,146343.08
P003,2023-06,0.9507,253734.48,109486.24,144248.24
P003,2023-07,0.9606,257355.13,111301.52,146053.61
P003,2023-08,0.9621,258741.73,112156.12,146585.61
P003,2023-09,0.9609,259402.57,112698.72,146703.85
P003,2023-10,0.9791,265324.98,115534.34,149790.64
P003,2023-11,0.9918,269778.84,117741.36,152037.48
P003,2023-12,0.9825,268277.64,117352.91,150924.73
P003,2024-01,0.9807,268793.84,117846.56,150947.28
P003,2024-02,0.9695,266754.16,117218.74,149535.42
P003,2024-03,0.9637,266145.02,117217.49,148927.53
P003,2024-04,0.9563,265123.31,117033.5,148089.81
P003,2024-05,0.9545,265629.64,117524.13,148105.51
P003,2024-06,0.9607,268364.6,119004.66,149359.94
P003,2024-07,0.9557,268009.01,119117.71,148891.3
P003,2024-08,0.9579,269639.74,120115.51,149524.23
P003,2024-09,0.9656,272841.08,121818.48,151022.6
P003,2024-10,0.9596,272177.67,121799.11,150378.56
P003,2024-11,0.982,279601.93,125406.49,154195.44
P003,2024-12,0.9748,278608.95,125245.79,153363.16
P003,2025-01,0.9771,280335.73,126309.14,154026.59
P003,2025-02,0.9718,279866.77,126385.1,153481.67
P003,2025-03,0.9708,280633.6,127020.09,153613.51
P003,2025-04,0.9606,278748.88,126454.45,152294.43
P003,2025-05,0.9513,277114.2,125999.26,151114.94
P003,2025-06,0.956,279554.9,127398.57,152156.33
P003,2025-07,0.9643,283033.15,129277.51,153755.64
P003,2025-08,0.9552,281454.66,128849.38,152605.28
P003,2025-09,0.9467,280014.82,128482.25,151532.57
P003,2025-10,0.9641,286243.61,131639.47,154604.14
P003,2025-11,0.9741,290295.46,133806.99,156488.47
P003,2025-12,0.9527,285005.2,131667.8,153337.4
P003,2026-01,0.9634,289312.6,133962.23,155350.37
P003,2026-02,0.9682,291861.08,135450.13,156410.95
P003,2026-03,0.9694,293324.21,136439.27,156884.94
P003,2026-04,0.964,292812.85,136511.68,156301.17
P003,2026-05,0.9502,289721.94,135378.37,154343.57
P003,2026-06,0.958,293223.01,137326.45,155896.56
P003,2026-07,0.9608,295203.78,138569.06,156634.72
P003,2026-08,0.9621,296734.04,139604.67,157129.37
P004,2022-09,0.9059,208198.71,75776.25,132422.46
P004,2022-10,0.9234,212903.03,77643.05,135259.98
P004,2022-11,0.9036,208987.95,76367.34,132620.61
P004,2022-12,0.9218,213877.86,78310.12,135567.74
P004,2023-01,0.9014,209797.84,76969.51,132828.33
P004,2023-02,0.9035,210950.96,77546.98,133403.98
P004,2023-03,0.9018,211222.24,77801.62,133420.62
P004,2023-04,0.8983,211079.97,77904.35,133175.62
P004,2023-05,0.9044,213193.82,78841.51,134352.31
P004,2023-06,0.9026,213437.63,79089.16,134348.47
P004,2023-07,0.899,213251.75,79177.95,134073.8
P004,2023-08,0.9075,215955.58,80341.83,135613.75
P004,2023-09,0.9048,215988.22,80514.3,135473.92
P004,2023-10,0.9136,218791.75,81722.11,137069.64
P004,2023-11,0.896,215246.16,80558.19,134687.97
P004,2023-12,0.899,216654.11,81246.91,135407.2
P004,2024-01,0.9015,217945.52,81894.27,136051.25
P004,2024-02,0.9009,218500.28,82266.54,136233.74
P004,2024-03,0.9062,220466.24,83172.35,137293.89
P004,2024-04,0.8881,216764.37,81938.96,134825.41
P004,2024-05,0.8926,218535.21,82773.18,135762.03
P004,2024-06,0.8932,219385.11,83260.88,136124.23
P004,2024-07,0.8966,220906.88,84005.7,136901.18
P004,2024-08,0.9116,225331.44,85859.22,139472.22
P004,2024-09,0.9123,226213.96,86367.48,139846.48
P004,2024-10,0.9023,224447.54,85864.04,138583.5
P004,2024-11,0.9039,225541.73,86454.79,139086.94
P004,2024-12,0.8997,225209.32,86499.61,138709.71
P004,2025-01,0.9111,228801.27,88054.56,140746.71
P004,2025-02,0.8957,225642.2,87012.06,138630.14
P004,2025-03,0.9052,228763.59,88391.73,140371.86
P004,2025-04,0.8896,225525.18,87314.32,138210.86
P004,2025-05,0.8956,227773.98,88360.91,139413.07
P004,2025-06,0.9013,229934.62,89377.07,140557.55
P004,2025-07,0.8968,229525.15,89395.91,140129.24
P004,2025-08,0.9137,234596.34,91553.36,143042.98
P004,2025-09,0.9167,236100.29,92324.13,143776.16
P004,2025-10,0.9202,237759.58,93158.47,144601.11
P004,2025-11,0.9066,234988.45,92256.4,142732.05
P004,2025-12,0.91,236612.95,93079.53,143533.42
P004,2026-01,0.9157,238838.88,94142.63,144696.25
P004,2026-02,0.9037,236465.07,93392.92,143072.15
P004,2026-03,0.908,238352.95,94326.37,144026.58
P004,2026-04,0.8956,235827.58,93513.19,142314.39
P004,2026-05,0.8918,235585.38,93603.54,141981.84
P004,2026-06,0.8966,237590.97,94588.76,143002.21
P004,2026-07,0.9028,240002.54,95739.48,144263.06
P004,2026-08,0.9049,241323.32,96458.43,144864.89
P005,2022-09,0.9472,273543.97,109951.1,163592.87
P005,2022-10,0.9554,276965.6,111608.89,165356.71
P005,2022-11,0.9441,274706.4,110979.38,163727.02
P005,2022-12,0.9406,274753.85,111280.19,163473.66
P005,2023-01,0.9503,278621.21,113132.87,165488.34
P005,2023-02,0.9631,283470.89,115394.12,168076.77
P005,2023-03,0.9442,278946.03,113840.27,165105.76
P005,2023-04,0.9359,277569.4,113565.89,164003.51
P005,2023-05,0.9371,278984.26,114434.39,164549.87
P005,2023-06,0.9336,278996.79,114729.9,164266.89
P005,2023-07,0.9442,283228.93,116765.78,166463.15
P005,2023-08,0.9277,279333.14,115451.88,163881.26
P005,2023-09,0.9357,282837.14,117196.74,165640.4
P005,2023-10,0.9391,284933.02,118364.76,166568.26
P005,2023-11,0.9558,291103.73,121234.99,169868.74
P005,2023-12,0.9563,292380.22,122075.56,170304.66
P005,2024-01,0.9309,285704.88,119591.13,166113.75
P005,2024-02,0.9379,288933.34,121249.38,167683.96
P005,2024-03,0.9323,288303.43,121292.02,167011.41
P005,2024-04,0.942,292421.54,123336.7,169084.84
P005,2024-05,0.924,287926.64,121748.99,166177.65
P005,2024-06,0.938,293394.32,124375.77,169018.55
P005,2024-07,0.9207,289082.79,122858.97,166223.82
P005,2024-08,0.9449,297813.16,126890.49,170922.67
P005,2024-09,0.9456,299175.61,127794.43,171381.18
P005,2024-10,0.941,298842.41,127976.0,170866.41
P005,2024-11,0.9431,300648.26,129076.02,171572.24
P005,2024-12,0.9527,304876.5,131223.42,173653.08
P005,2025-01,0.9527,306020.83,132050.17,173970.66
P005,2025-02,0.9425,303896.82,131466.38,172430.44
P005,2025-03,0.9431,305270.52,132395.72,172874.8
P005,2025-04,0.9457,307281.23,133605.91,173675.32
P005,2025-05,0.9465,308710.41,134567.9,174142.51
P005,2025-06,0.9279,303783.51,132756.24,171027.27
P005,2025-07,0.9245,303818.28,133108.32,170709.96
P005,2025-08,0.9309,307115.06,134894.11,172220.95
P005,2025-09,0.9289,307614.5,135456.3,172158.2
P005,2025-10,0.9396,312353.21,137891.96,174461.25
P005,2025-11,0.9384,313112.27,138577.79,174534.48
P005,2025-12,0.9422,315590.97,140029.21,175561.76
P005,2026-01,0.948,318751.47,141790.4,176961.07
P005,2026-02,0.9514,321097.44,143196.38,177901.06
P005,2026-03,0.9555,323733.37,144738.21,178995.16
P005,2026-04,0.9467,321976.97,144318.2,177658.77
P005,2026-05,0.9423,321670.69,144546.76,177123.93
P005,2026-06,0.9283,318114.03,143311.23,174802.8
P005,2026-07,0.9304,320031.92,144541.07,175490.85
P005,2026-08,0.9391,324284.95,146833.55,177451.4
P006,2022-09,0.914,339553.03,119491.79,220061.24
P006,2022-10,0.9162,341315.18,120411.57,220903.61
P006,2022-11,0.9183,343086.29,121338.37,221747.92
P006,2022-12,0.9316,349044.59,123753.6,225290.99
P006,2023-01,0.9108,342185.33,121624.34,220560.99
P006,2023-02,0.9282,349708.46,124608.42,225100.04
P006,2023-03,0.9125,344766.47,123153.97,221612.5
P006,2023-04,0.905,342892.41,122790.13,220102.28
P006,2023-05,0.9042,343551.8,123333.19,220218.61
P006,2023-06,0.9088,346298.21,124629.29,221668.92
P006,2023-07,0.9156,349854.05,126223.13,223630.92
P006,2023-08,0.9196,352399.56,127458.72,224940.84
P006,2023-09,0.9107,349962.68,126893.13,223069.55
P006,2023-10,0.9245,356277.86,129505.24,226772.62
P006,2023-11,0.9258,357767.16,130371.05,227396.11
P006,2023-12,0.9232,357791.29,130705.12,227086.17
P006,2024-01,0.9247,359390.57,131616.9,227773.67
P006,2024-02,0.9229,359674.63,132049.56,227625.07
P006,2024-03,0.911,356060.23,131048.72,225011.51
P006,2024-04,0.9195,360374.39,132967.47,227406.92
P006,2024-05,0.9053,355838.41,131621.38,224217.03
P006,2024-06,0.904,356325.91,132130.53,224195.38
P006,2024-07,0.9012,356197.97,132412.62,223785.35
P006,2024-08,0.9135,362075.89,134933.48,227142.41
P006,2024-09,0.9142,363377.48,135756.39,227621.09
P006,2024-10,0.9316,371332.77,139074.56,232258.21
P006,2024-11,0.9164,366334.33,137544.8,228789.53
P006,2024-12,0.9208,369128.78,138939.79,230188.99
P006,2025-01,0.9172,368700.64,139124.87,229575.77
P006,2025-02,0.9192,370559.99,140175.32,230384.67
P006,2025-03,0.9109,368246.78,139647.82,228598.96
P006,2025-04,0.9146,370784.64,140961.04,229823.6
P006,2025-05,0.9124,370936.05,141370.43,229565.62
P006,2025-06,0.9113,371523.49,141947.57,229575.92
P006,2025-07,0.9254,378354.15,144918.0,233436.15
P006,2025-08,0.9079,372232.64,142929.03,229303.61
P006,2025-09,0.9225,379297.87,146005.28,233292.59
P006,2025-10,0.9096,375041.54,144727.04,230314.5
P006,2025-11,0.9318,385311.55,149061.16,236250.39
P006,2025-12,0.9273,384531.04,149130.35,235400.69
P006,2026-01,0.9201,382605.86,148753.91,233851.95
P006,2026-02,0.9107,379781.94,148024.38,231757.56
P006,2026-03,0.9176,383733.26,149937.6,233795.66
P006,2026-04,0.9002,377524.79,147879.76,229645.03
P006,2026-05,0.9194,386664.61,151837.78,234826.83
P006,2026-06,0.9121,384667.36,151430.34,233237.02
P006,2026-07,0.9104,385032.65,151952.3,233080.35
P006,2026-08,0.9308,394744.25,156173.63,238570.62
P007,2022-09,0.9356,386029.92,139311.07,246718.85
P007,2022-10,0.9498,392549.46,141894.9,250654.56
P007,2022-11,0.9669,400259.48,144917.82,255341.66
P007,2022-12,0.9635,399548.39,144896.3,254652.09
P007,2023-01,0.9484,393906.46,143083.24,250823.22
P007,2023-02,0.9465,393770.28,143267.07,250503.21
P007,2023-03,0.9489,395448.61,144112.36,251336.25
P007,2023-04,0.937,391146.35,142776.99,248369.36
P007,2023-05,0.9452,395188.27,144487.65,250700.62
P007,2023-06,0.9559,400348.55,146613.08,253735.47
P007,2023-07,0.9482,397761.13,145903.11,251858.02
P007,2023-08,0.9311,391257.44,143751.56,247505.88
P007,2023-09,0.9401,395683.25,145614.75,250068.5
P007,2023-10,0.9401,396328.32,146090.03,250238.29
P007,2023-11,0.9644,407259.18,150364.08,256895.1
P007,2023-12,0.9497,401716.3,148559.5,253156.8
P007,2024-01,0.9675,409912.24,151837.7,258074.54
P007,2024-02,0.9604,407620.87,151235.2,256385.67
P007,2024-03,0.9537,405412.07,150661.02,254751.05
P007,2024-04,0.9509,404909.35,150719.62,254189.73
P007,2024-05,0.9305,396900.64,147979.49,248921.15
P007,2024-06,0.9477,404889.24,151204.16,253685.08
P007,2024-07,0.9443,404106.73,151158.07,252948.66
P007,2024-08,0.9426,404024.78,151373.9,252650.88
P007,2024-09,0.9608,412534.17,154814.16,257720.01
P007,2024-10,0.9489,408080.53,153392.59,254687.94
P007,2024-11,0.9679,416941.75,156979.03,259962.72
P007,2024-12,0.9476,408913.37,154207.44,254705.93
P007,2025-01,0.9713,419807.37,158573.95,261233.42
P007,2025-02,0.9624,416669.17,157645.25,259023.92
P007,2025-03,0.9577,415299.43,157383.29,257916.14
P007,2025-04,0.9352,406213.49,154191.13,252022.36
P007,2025-05,0.9475,412236.1,156732.41,255503.69
P007,2025-06,0.9394,409393.79,155905.63,253488.16
P007,2025-07,0.9479,413778.53,157832.43,255946.1
P007,2025-08,0.9538,417082.15,159352.05,257730.1
P007,2025-09,0.9401,411770.53,157579.27,254191.26
P007,2025-10,0.9449,414545.55,158899.97,255645.58
P007,2025-11,0.9591,421489.79,161825.28,259664.51
P007,2025-12,0.9607,422878.86,162623.4,260255.46
P007,2026-01,0.9452,416742.66,160525.04,256217.62
P007,2026-02,0.9425,416241.98,160593.68,255648.3
P007,2026-03,0.9526,421418.34,162856.0,258562.34
P007,2026-04,0.9566,423877.31,164073.43,259803.88
P007,2026-05,0.9484,420945.45,163204.33,257741.12
P007,2026-06,0.9485,421692.11,163760.47,257931.64
P007,2026-07,0.9306,414412.26,161195.88,253216.38
P007,2026-08,0.9514,424363.84,165336.02,259027.82
P008,2022-09,0.9588,216060.11,80122.64,135937.47
P008,2022-10,0.9582,216681.54,80497.9,136183.64
P008,2022-11,0.9593,217682.88,81015.63,136667.25
P008,2022-12,0.9688,220609.63,82252.85,138356.78
P008,2023-01,0.9691,221458.26,82718.06,138740.2
P008,2023-02,0.9707,222608.83,83297.66,139311.17
P008,2023-03,0.9587,220622.52,82703.17,137919.35
P008,2023-04,0.9513,219692.79,82503.07,137189.72
P008,2023-05,0.9677,224266.39,84372.4,139893.99
P008,2023-06,0.9539,221837.39,83608.98,138228.41
P008,2023-07,0.9434,220160.1,83126.35,137033.75
P008,2023-08,0.9414,220461.87,83390.3,137071.57
P008,2023-09,0.9601,225624.43,85496.85,140127.58
P008,2023-10,0.9525,224626.74,85272.18,139354.56
P008,2023-11,0.9656,228514.17,86904.25,141609.92
P008,2023-12,0.9529,226314.34,86222.75,140091.59
P008,2024-01,0.9561,227863.77,86969.51,140894.26
P008,2024-02,0.9535,228038.57,87193.08,140845.49
P008,2024-03,0.9392,225397.9,86338.7,139059.2
P008,2024-04,0.9571,230512.74,88457.06,142055.68
P008,2024-05,0.9541,230599.03,88649.65,141949.38
P008,2024-06,0.9482,229965.4,88565.38,141400.02
P008,2024-07,0.9403,228846.42,88293.26,140553.16
P008,2024-08,0.9447,230732.02,89181.18,141550.84
P008,2024-09,0.9541,233841.77,90546.02,143295.75
P008,2024-10,0.9467,232835.45,90318.84,142516.61
P008,2024-11,0.9529,235179.17,91392.39,143786.78
P008,2024-12,0.9477,234726.92,91381.03,143345.89
P008,2025-01,0.9633,239426.85,93378.72,146048.13
P008,2025-02,0.9694,241793.71,94471.76,147321.95
P008,2025-03,0.9468,236976.52,92756.48,144220.04
P008,2025-04,0.9627,241794.8,94812.99,146981.81
P008,2025-05,0.9401,236957.42,93083.59,143873.83
P008,2025-06,0.9376,237157.72,93330.17,143827.55
P008,2025-07,0.9445,239751.74,94521.04,145230.7
P008,2025-08,0.9402,239483.57,94585.46,144898.11
P008,2025-09,0.9457,241721.37,95641.34,146080.03
P008,2025-10,0.9532,244490.95,96911.5,147579.45
P008,2025-11,0.9617,247557.5,98303.86,149253.64
P008,2025-12,0.9683,250122.58,99501.43,150621.15
P008,2026-01,0.9676,250827.74,99961.77,150865.97
P008,2026-02,0.9748,253561.39,101233.31,152328.08
P008,2026-03,0.9557,249481.65,99783.99,149697.66
P008,2026-04,0.9498,248815.2,99696.77,149118.43
P008,2026-05,0.952,250266.92,100459.17,149807.75
P008,2026-06,0.9603,253313.96,101865.52,151448.44
P008,2026-07,0.9478,250894.95,101074.58,149820.37
P008,2026-08,0.9682,257199.35,103801.07,153398.28
P009,2022-09,0.9561,212254.92,81921.43,130333.49
P009,2022-10,0.9401,209106.01,80858.55,128247.46
P009,2022-11,0.9427,210065.91,81383.19,128682.72
P009,2022-12,0.9512,212369.18,82430.95,129938.23
P009,2023-01,0.9506,212643.36,82693.3,129950.06
P009,2023-02,0.9491,212690.77,82868.0,129822.77
P009,2023-03,0.9366,210291.52,82088.0,128203.52
P009,2023-04,0.9393,211292.09,82634.39,128657.7
P009,2023-05,0.9388,211569.05,82899.02,128670.03
P009,2023-06,0.9189,207487.19,81453.22,126033.97
P009,2023-07,0.9619,217588.47,85580.04,132008.43
P009,2023-08,0.9279,210291.14,82866.17,127424.97
P009,2023-09,0.9567,217233.49,85763.56,131469.93
P009,2023-10,0.9645,219422.23,86791.32,132630.91
P009,2023-11,0.9588,218533.86,86603.24,131930.62
P009,2023-12,0.9349,213488.79,84763.74,128725.05
P009,2024-01,0.941,215282.64,85637.46,129645.18
P009,2024-02,0.9436,216275.0,86194.74,130080.26
P009,2024-03,0.9421,216334.71,86381.42,129953.29
P009,2024-04,0.9425,216837.68,86745.82,130091.86
P009,2024-05,0.9299,214332.13,85905.46,128426.67
P009,2024-06,0.9224,213023.29,85542.17,127481.12
P009,2024-07,0.9313,215461.74,86684.81,128776.93
P009,2024-08,0.9253,214489.34,86456.62,128032.72
P009,2024-09,0.9363,217454.38,87817.37,129637.01
P009,2024-10,0.9544,222073.33,89852.12,132221.21
P009,2024-11,0.9342,217770.85,88277.77,129493.08
P009,2024-12,0.9557,223210.75,90653.88,132556.87
P009,2025-01,0.936,219009.43,89115.61,129893.82
P009,2025-02,0.9459,221732.87,90394.24,131338.63
P009,2025-03,0.9466,222315.52,90802.99,131512.53
P009,2025-04,0.9444,222233.89,90941.12,131292.77
P009,2025-05,0.9366,220799.76,90524.95,130274.81
P009,2025-06,0.9277,219117.03,90004.77,129112.26
P009,2025-07,0.9185,217348.89,101060.78,116288.11
P009,2025-08,0.9162,217218.95,99031.66,118187.29
P009,2025-09,0.9169,217793.99,103312.45,114481.54
P009,2025-10,0.9199,218911.83,102890.9,116020.93
P009,2025-11,0.9313,222038.05,106713.94,115324.11
P009,2025-12,0.9259,221170.06,106479.29,114690.77
P009,2026-01,0.9142,218777.77,102732.56,116045.21
P009,2026-02,0.9212,220862.51,106761.06,114101.45
P009,2026-03,0.9123,219158.8,106957.94,112200.86
P009,2026-04,0.8949,215363.2,106303.62,109059.58
P009,2026-05,0.9037,217896.27,106153.99,111742.28
P009,2026-06,0.8953,216267.07,105076.1,111190.97
P009,2026-07,0.8932,216177.02,104723.31,111453.71
P009,2026-08,0.8958,217210.45,107251.82,109958.63
P010,2022-09,0.9142,251057.93,100069.75,150988.18
P010,2022-10,0.9019,248152.08,99298.51,148853.57
P010,2022-11,0.918,253055.17,101656.68,151398.49
P010,2022-12,0.9077,250688.35,101099.92,149588.43
P010,2023-01,0.8995,248904.51,100773.26,148131.25
P010,2023-02,0.9159,253911.47,103202.64,150708.83
P010,2023-03,0.9022,250582.98,102248.27,148334.71
P010,2023-04,0.9067,252305.07,103353.77,148951.3
P010,2023-05,0.8935,249123.24,102449.66,146673.58
P010,2023-06,0.8997,251319.65,103757.29,147562.36
P010,2023-07,0.912,255243.26,105789.46,149453.8
P010,2023-08,0.9229,258757.49,107665.6,151091.89
P010,2023-09,0.9018,253322.75,105816.68,147506.07
P010,2023-10,0.9047,254623.1,106776.01,147847.09
P010,2023-11,0.9045,255047.7,107372.54,147675.16
P010,2023-12,0.9349,264127.38,111630.06,152497.32
P010,2024-01,0.9157,259190.24,109972.04,149218.2
P010,2024-02,0.9184,260434.7,110932.4,149502.3
P010,2024-03,0.9117,259023.63,110763.05,148260.58
P010,2024-04,0.9185,261463.09,112243.66,149219.43
P010,2024-05,0.9131,260405.71,112227.13,148178.58
P010,2024-06,0.8914,254716.8,110204.89,144511.91
P010,2024-07,0.8906,254951.42,110737.99,144213.43
P010,2024-08,0.897,257272.32,112183.29,145089.03
P010,2024-09,0.9122,262122.98,114745.63,147377.35
P010,2024-10,0.9272,266950.21,117316.0,149634.21
P010,2024-11,0.9204,265488.67,117130.2,148358.47
P010,2024-12,0.9241,267052.49,118281.13,148771.36
P010,2025-01,0.9089,263150.47,117008.9,146141.57
P010,2025-02,0.9114,264394.05,118021.83,146372.22
P010,2025-03,0.9204,267505.49,119877.94,147627.55
P010,2025-04,0.9095,264826.64,119141.81,145684.83
P010,2025-05,0.904,263713.09,119105.03,144608.06
P010,2025-06,0.8957,261794.66,118701.21,143093.45
P010,2025-07,0.8866,259620.09,118175.81,141444.28
P010,2025-08,0.8978,263407.58,120368.95,143038.63
P010,2025-09,0.9021,265166.9,121647.01,143519.89
P010,2025-10,0.8898,262032.96,120679.63,141353.33
P010,2025-11,0.9023,266219.94,123087.67,143132.27
P010,2025-12,0.9229,272812.9,126629.47,146183.43
P010,2026-01,0.898,265974.42,123938.35,142036.07
P010,2026-02,0.9041,268280.28,125501.96,142778.32
P010,2026-03,0.9166,272499.74,127974.59,144525.15
P010,2026-04,0.9189,273705.49,129043.79,144661.7
P010,2026-05,0.9134,272574.66,129013.45,143561.21
P010,2026-06,0.8867,265101.78,125967.38,139134.4
P010,2026-07,0.8982,269069.32,128352.86,140716.46
P010,2026-08,0.8937,268215.12,128445.99,139769.13
P011,2022-09,0.919,311791.6,107857.69,203933.91
P011,2022-10,0.9324,316976.92,110033.1,206943.82
P011,2022-11,0.9343,318267.59,110865.67,207401.92
P011,2022-12,0.9369,319788.4,111783.16,208005.24
P011,2023-01,0.9419,322151.39,113001.1,209150.29
P011,2023-02,0.9317,319294.06,112388.66,206905.4
P011,2023-03,0.9209,316218.77,111693.6,204525.17
P011,2023-04,0.9248,318193.6,112782.33,205411.27
P011,2023-05,0.9186,316689.78,112640.0,204049.78
P011,2023-06,0.9241,319239.78,113942.2,205297.58
P011,2023-07,0.9225,319329.39,114370.88,204958.51
P011,2023-08,0.9304,322689.05,115976.45,206712.6
P011,2023-09,0.9199,319715.04,115307.52,204407.52
P011,2023-10,0.9272,322875.69,116852.74,206022.95
P011,2023-11,0.93,324519.38,117856.4,206662.98
P011,2023-12,0.9256,323618.12,117938.16,205679.96
P011,2024-01,0.9306,326015.69,119225.46,206790.23
P011,2024-02,0.9297,326380.67,119774.38,206606.29
P011,2024-03,0.9281,326466.94,120223.04,206243.9
P011,2024-04,0.9193,323995.75,119728.29,204267.46
P011,2024-05,0.9258,326956.23,121242.83,205713.4
P011,2024-06,0.914,323422.7,120349.96,203072.74
P011,2024-07,0.9094,322451.0,120406.01,202044.99
P011,2024-08,0.9186,326374.31,122295.19,204079.12
P011,2024-09,0.9311,331468.84,124636.46,206832.38
P011,2024-10,0.9298,331688.78,125153.26,206535.52
P011,2024-11,0.9227,329819.29,124881.02,204938.27
P011,2024-12,0.9319,333748.7,126808.67,206940.03
P011,2025-01,0.9442,338838.18,129190.54,209647.64
P011,2025-02,0.9409,338342.15,129450.42,208891.73
P011,2025-03,0.907,326797.49,125468.6,201328.89
P011,2025-04,0.9146,330183.31,127209.76,202973.55
P011,2025-05,0.9351,338281.76,130783.48,207498.28
P011,2025-06,0.8999,326206.4,126553.97,199652.43
P011,2025-07,0.918,333430.57,129806.87,203623.7
P011,2025-08,0.9372,341099.85,133254.78,207845.07
P011,2025-09,0.9151,333710.89,130821.96,202888.93
P011,2025-10,0.9175,335259.44,131886.47,203372.97
P011,2025-11,0.9277,339666.89,134085.39,205581.5
P011,2025-12,0.9271,340117.37,134730.54,205386.83
P011,2026-01,0.9563,351537.16,139738.94,211798.22
P011,2026-02,0.9335,343844.32,137156.71,206687.61
P011,2026-03,0.9231,340688.13,136370.74,204317.39
P011,2026-04,0.9165,338940.91,136143.58,202797.33
P011,2026-05,0.9226,341870.4,137798.23,204072.17
P011,2026-06,0.9242,343152.92,138796.61,204356.31
P011,2026-07,0.9106,338800.26,137513.04,201287.22
P011,2026-08,0.9219,343689.98,139983.22,203706.76
P012,2022-09,0.9714,227708.16,85689.38,142018.78
P012,2022-10,0.9605,225935.94,85351.31,140584.63
P012,2022-11,0.9761,230392.19,87371.37,143020.82
P012,2022-12,0.9693,229585.05,87402.02,142183.03
P012,2023-01,0.9704,230659.63,88150.74,142508.89
P012,2023-02,0.9809,233964.93,89759.74,144205.19
P012,2023-03,0.9853,235808.44,90816.9,144991.54
P012,2023-04,0.9574,229945.19,88901.31,141043.88
P012,2023-05,0.9705,233880.07,90772.34,143107.73
P012,2023-06,0.9594,232028.71,90402.1,141626.61
P012,2023-07,0.9615,233334.85,91262.61,142072.24
P012,2023-08,0.9669,235463.76,92451.48,143012.28
P012,2023-09,0.9808,239666.84,94465.71,145201.13
P012,2023-10,0.9786,239972.28,94951.94,145020.34
P012,2023-11,0.9778,240605.19,95570.58,145034.61
P012,2023-12,0.9926,245077.91,97723.7,147354.21
P012,2024-01,0.9871,244563.24,97895.65,146667.59
P012,2024-02,0.9825,244286.85,98163.22,146123.63
P012,2024-03,0.995,248244.83,100139.5,148105.33
P012,2024-04,0.9677,242270.88,98107.65,144163.23
P012,2024-05,0.9658,242646.92,98639.98,144006.94
P012,2024-06,0.9568,241210.09,98435.13,142774.96
P012,2024-07,0.9594,242695.84,99424.52,143271.32
P012,2024-08,0.9852,250090.34,102850.06,147240.28
P012,2024-09,0.9613,244884.66,101098.73,143785.93
P012,2024-10,0.9794,250354.62,103756.72,146597.9
P012,2024-11,0.9751,250120.94,104060.8,146060.14
P012,2024-12,0.9673,248984.75,103988.75,144996.0
P012,2025-01,0.9707,250721.55,105119.12,145602.43
P012,2025-02,0.9803,254084.85,106941.27,147143.58
P012,2025-03,0.9662,251293.35,106175.44,145117.91
P012,2025-04,0.9741,254230.54,107831.9,146398.64
P012,2025-05,0.9679,253478.47,107928.74,145549.73
P012,2025-06,0.9554,251079.11,107320.6,143758.51
P012,2025-07,0.9623,253761.29,108886.58,144874.71
P012,2025-08,0.9581,253533.64,109209.67,144323.97
P012,2025-09,0.9731,258398.43,111735.68,146662.75
P012,2025-10,0.9769,260293.69,112990.55,147303.14
P012,2025-11,0.97,259358.14,113019.88,146338.26
P012,2025-12,0.9743,261421.43,114359.6,147061.83
P012,2026-01,0.9798,263798.66,115845.86,147952.8
P012,2026-02,0.992,268026.96,118157.94,149869.02
P012,2026-03,0.9778,265089.24,117314.86,147774.38
P012,2026-04,0.9818,267107.22,118665.1,148442.12
P012,2026-05,0.9651,263475.99,117504.62,145971.37
P012,2026-06,0.9661,264666.97,118492.3,146174.67
P012,2026-07,0.9634,264823.49,119020.94,145802.55
P012,2026-08,0.9674,266861.63,120400.83,146460.8
P013,2022-09,0.9642,337382.51,138366.42,199016.09
P013,2022-10,0.9865,346351.76,142268.01,204083.75
P013,2022-11,0.9778,344448.61,141708.53,202740.08
P013,2022-12,0.9815,346900.94,142941.65,203959.29
P013,2023-01,0.9884,350486.52,144645.97,205840.55
P013,2023-02,0.9711,345521.98,142821.12,202700.86
P013,2023-03,0.9942,354905.5,146930.24,207975.26
P013,2023-04,0.9681,346757.38,143782.46,202974.92
P013,2023-05,0.9674,347666.74,144386.0,203280.74
P013,2023-06,0.9825,354256.75,147353.95,206902.8
P013,2023-07,0.9754,352886.24,147014.47,205871.77
P013,2023-08,0.9575,347580.04,145031.36,202548.68
P013,2023-09,0.9823,357742.7,149506.34,208236.36
P013,2023-10,0.9797,357994.44,149846.58,208147.86
P013,2023-11,0.979,358949.09,150482.2,208466.89
P013,2023-12,0.9838,361900.04,151957.67,209942.37
P013,2024-01,0.9891,365072.48,153530.56,211541.92
P013,2024-02,0.985,364776.47,153647.06,211129.41
P013,2024-03,0.9759,362595.1,152968.18,209626.92
P013,2024-04,0.9687,361137.33,152592.53,208544.8
P013,2024-05,0.9867,369069.6,156189.16,212880.44
P013,2024-06,0.9703,364148.85,154348.81,209800.04
P013,2024-07,0.9745,366960.89,155785.08,211175.81
P013,2024-08,0.975,368375.43,156631.26,211744.17
P013,2024-09,0.9839,372960.82,158830.07,214130.75
P013,2024-10,0.9823,373599.51,159352.01,214247.5
P013,2024-11,0.995,379706.84,162211.4,217495.44
P013,2024-12,0.981,375624.54,160719.53,214905.01
P013,2025-01,0.9914,380850.56,163211.6,217638.96
P013,2025-02,0.9944,383297.63,164518.32,218779.31
P013,2025-03,0.9741,376717.02,161947.82,214769.2
P013,2025-04,0.9851,382268.33,164592.45,217675.88
P013,2025-05,0.9773,380498.82,164087.93,216410.89
P013,2025-06,0.9836,384229.83,165957.21,218272.62
P013,2025-07,0.9417,369067.34,179820.47,189246.87
P013,2025-08,0.956,375961.3,185537.82,190423.48
P013,2025-09,0.9371,369737.89,179548.65,190189.24
P013,2025-10,0.958,379256.3,189088.49,190167.81
P013,2025-11,0.9636,382757.32,186732.81,196024.51
P013,2025-12,0.9454,376764.68,186558.98,190205.7
P013,2026-01,0.956,382256.18,194101.52,188154.66
P013,2026-02,0.9511,381593.01,192941.37,188651.64
P013,2026-03,0.9327,375455.39,190201.79,185253.6
P013,2026-04,0.9374,378600.99,191572.83,187028.16
P013,2026-05,0.936,379299.94,190061.11,189238.83
P013,2026-06,0.9247,375969.63,188244.28,187725.35
P013,2026-07,0.9255,377570.31,195891.39,181678.92
P013,2026-08,0.9182,375831.88,192708.06,183123.82
P014,2022-09,0.9473,277684.81,116067.24,161617.57
P014,2022-10,0.9403,276578.38,115832.77,160745.61
P014,2022-11,0.9481,279840.92,117430.29,162410.63
P014,2022-12,0.9592,284085.49,119446.56,164638.93
P014,2023-01,0.9463,281240.94,118483.76,162757.18
P014,2023-02,0.9336,278420.81,117527.0,160893.81
P014,2023-03,0.9396,281175.01,118923.69,162251.32
P014,2023-04,0.9463,284145.72,120417.18,163728.54
P014,2023-05,0.9258,278955.65,118450.85,160504.8
P014,2023-06,0.9304,281313.75,119687.74,161626.01
P014,2023-07,0.9288,281807.14,120134.13,161673.01
P014,2023-08,0.9497,289124.32,123496.52,165627.8
P014,2023-09,0.9605,293441.63,125587.82,167853.81
P014,2023-10,0.9296,284981.68,122207.66,162774.02
P014,2023-11,0.9432,290140.13,124665.12,165475.01
P014,2023-12,0.9488,292870.8,126086.6,166784.2
P014,2024-01,0.9518,294818.07,127175.26,167642.81
P014,2024-02,0.9503,295344.91,127653.79,167691.12
P014,2024-03,0.947,295353.15,127909.13,167444.02
P014,2024-04,0.9412,294541.77,127809.31,166732.46
P014,2024-05,0.9568,300450.44,130630.37,169820.07
P014,2024-06,0.9341,294339.65,128225.9,166113.75
P014,2024-07,0.939,296909.34,129600.46,167308.88
P014,2024-08,0.9308,295326.28,129163.7,166162.58
P014,2024-09,0.9329,297036.15,130167.74,166868.41
P014,2024-10,0.9587,306305.65,134494.57,171811.08
P014,2024-11,0.9417,301906.27,132824.31,169081.96
P014,2024-12,0.9612,309208.8,136305.37,172903.43
P014,2025-01,0.9421,304111.08,134322.59,169788.49
P014,2025-02,0.9558,309616.4,137023.94,172592.46
P014,2025-03,0.9515,309256.34,137134.53,172121.81
P014,2025-04,0.9395,306440.05,136153.69,170286.36
P014,2025-05,0.9359,306303.34,136361.35,169941.99
P014,2025-06,0.9269,304404.31,135783.21,168621.1
P014,2025-07,0.9314,306922.44,137176.46,169745.98
P014,2025-08,0.9505,314320.31,140759.95,173560.36
P014,2025-09,0.9375,311080.21,139583.7,171496.51
P014,2025-10,0.9508,316599.4,142340.38,174259.02
P014,2025-11,0.9473,316506.16,142579.1,173927.06
P014,2025-12,0.9585,321352.9,145047.96,176304.94
P014,2026-01,0.9458,318203.25,143909.58,174293.67
P014,2026-02,0.9409,317633.77,143935.35,173698.42
P014,2026-03,0.9497,321706.3,146068.32,175637.98
P014,2026-04,0.9397,319419.45,145316.03,174103.42
P014,2026-05,0.9456,322523.59,147017.6,175505.99
P014,2026-06,0.9382,321105.54,146659.89,174445.65
P014,2026-07,0.9377,322051.02,147381.82,174669.2
P014,2026-08,0.9525,328278.41,150527.98,177750.43
P015,2022-09,0.9456,268040.12,104591.84,163448.28
P015,2022-10,0.9427,267662.09,104685.88,162976.21
P015,2022-11,0.9435,268303.6,105179.46,163124.14
P015,2022-12,0.9718,276768.84,108748.9,168019.94
P015,2023-01,0.9637,274897.12,108263.26,166633.86
P015,2023-02,0.9461,270303.84,106700.47,163603.37
P015,2023-03,0.9399,268950.81,106411.9,162538.91
P015,2023-04,0.9399,269363.56,106821.68,162541.88
P015,2023-05,0.9169,263192.9,104615.97,158576.93
P015,2023-06,0.949,272837.25,108700.29,164136.96
P015,2023-07,0.9354,269331.74,107551.83,161779.91
P015,2023-08,0.9308,268428.36,107438.98,160989.38
P015,2023-09,0.938,270928.32,108690.38,162237.94
P015,2023-10,0.9432,272846.5,109713.06,163133.44
P015,2023-11,0.9328,270280.58,108932.63,161347.95
P015,2023-12,0.9629,279427.19,112879.49,166547.7
P015,2024-01,0.9472,275306.56,111472.1,163834.46
P015,2024-02,0.9504,276673.18,112284.52,164388.66
P015,2024-03,0.9268,270200.88,109911.42,160289.46
P015,2024-04,0.9458,276192.57,112608.53,163584.04
P015,2024-05,0.923,269954.79,110319.82,159634.97
P015,2024-06,0.9438,276447.28,113234.31,163212.97
P015,2024-07,0.9309,273106.38,112124.57,160981.81
P015,2024-08,0.9466,278139.63,114455.08,163684.55
P015,2024-09,0.9366,275639.23,113688.47,161950.76
P015,2024-10,0.9379,276442.24,114283.37,162158.87
P015,2024-11,0.9551,281974.37,116839.99,165134.38
P015,2024-12,0.9387,277552.38,115273.65,162278.73
P015,2025-01,0.9511,281673.49,117255.79,164417.7
P015,2025-02,0.9378,278140.1,116052.67,162087.43
P015,2025-03,0.9391,278986.11,116674.88,162311.23
P015,2025-04,0.9443,280968.38,117775.63,163192.75
P015,2025-05,0.9304,277245.47,116483.84,160761.63
P015,2025-06,0.9256,276244.43,116331.67,159912.76
P015,2025-07,0.9232,275982.84,116490.3,159492.54
P015,2025-08,0.9398,281357.03,119033.36,162323.67
P015,2025-09,0.9417,282382.62,119743.54,162639.08
P015,2025-10,0.9557,287021.07,121991.94,165029.13
P015,2025-11,0.9626,289545.06,123349.31,166195.75
P015,2025-12,0.9596,289093.73,123441.86,165651.87
P015,2026-01,0.9517,287168.19,122903.25,164264.94
P015,2026-02,0.9489,286758.64,123011.8,163746.84
P015,2026-03,0.9341,282741.0,121568.84,161172.16
P015,2026-04,0.9492,287770.05,124017.31,163752.74
P015,2026-05,0.927,281467.01,121581.48,159885.53
P015,2026-06,0.9408,286100.9,123868.93,162231.97
P015,2026-07,0.9243,281508.7,122162.58,159346.12
P015,2026-08,0.9325,284474.82,123735.25,160739.57
P016,2022-09,0.9584,285159.67,104652.78,180506.89
P016,2022-10,0.9783,291574.33,107504.74,184069.59
P016,2022-11,0.9733,290563.67,107630.48,182933.19
P016,2022-12,0.9813,293425.42,109196.14,184229.28
P016,2023-01,0.9698,290449.17,108591.37,181857.8
P016,2023-02,0.9787,293590.59,110276.49,183314.1
P016,2023-03,0.9633,289453.66,109228.38,180225.28
P016,2023-04,0.9807,295153.86,111897.54,183256.32
P016,2023-05,0.9734,293428.91,111761.08,181667.83
P016,2023-06,0.9483,286328.61,109564.05,176764.56
P016,2023-07,0.9719,293933.42,112997.26,180936.16
P016,2023-08,0.9599,290785.83,112307.25,178478.58
P016,2023-09,0.9813,297752.38,115532.83,182219.55
P016,2023-10,0.9629,292654.19,114082.9,178571.29
P016,2023-11,0.9711,295626.59,115777.7,179848.89
P016,2023-12,0.9801,298850.22,117584.65,181265.57
P016,2024-01,0.9689,295926.61,116975.98,178950.63
P016,2024-02,0.9547,292049.38,115980.4,176068.98
P016,2024-03,0.9791,300009.8,119695.93,180313.87
P016,2024-04,0.959,294332.32,117977.04,176355.28
P016,2024-05,0.9548,293525.15,118200.82,175324.33
P016,2024-06,0.9579,294962.7,119332.27,175630.43
P016,2024-07,0.9549,294526.68,119710.17,174816.51
P016,2024-08,0.9727,300502.98,122707.42,177795.56
P016,2024-09,0.9575,296283.17,121547.11,174736.06
P016,2024-10,0.9519,295027.33,121594.95,173432.38
P016,2024-11,0.9519,295499.81,122356.24,173143.57
P016,2024-12,0.9698,301555.91,125444.72,176111.19
P016,2025-01,0.9805,305381.51,127627.1,177754.41
P016,2025-02,0.9674,301803.29,126718.42,175084.87
P016,2025-03,0.9664,301965.6,127376.38,174589.22
P016,2025-04,0.9509,297631.14,126132.04,171499.1
P016,2025-05,0.9371,293792.13,125084.31,168707.82
P016,2025-06,0.9597,301351.88,128899.79,172452.09
P016,2025-07,0.9631,302919.39,130173.02,172746.37
P016,2025-08,0.9536,300433.34,129705.28,170728.06
P016,2025-09,0.9659,304806.78,132205.58,172601.2
P016,2025-10,0.9559,302133.83,131655.84,170477.99
P016,2025-11,0.9708,307343.59,134549.03,172794.56
P016,2025-12,0.9744,308993.4,135900.56,173092.84
P016,2026-01,0.9759,309982.09,136969.62,173012.47
P016,2026-02,0.97,308603.33,136994.74,171608.59
P016,2026-03,0.9615,306380.23,136640.56,169739.67
P016,2026-04,0.9668,308576.3,138260.17,170316.13
P016,2026-05,0.9584,306402.68,137924.91,168477.77
P016,2026-06,0.9697,310510.07,140424.04,170086.03
P016,2026-07,0.9556,306492.57,139251.97,167240.6
P016,2026-08,0.9654,310171.85,141579.19,168592.66
P017,2022-09,0.9754,250438.12,107313.57,143124.55
P017,2022-10,0.9863,253878.11,109166.18,144711.93
P017,2022-11,0.995,256751.49,110785.89,145965.6
P017,2022-12,0.9899,256066.84,110874.95,145191.89
P017,2023-01,0.9783,253703.82,110234.04,143469.78
P017,2023-02,0.9884,256962.59,112038.49,144924.1
P017,2023-03,0.9871,257260.39,112558.66,144701.73
P017,2023-04,0.9754,254827.34,111882.11,142945.23
P017,2023-05,0.9804,256772.86,113128.59,143644.27
P017,2023-06,0.9577,251445.64,111167.03,140278.61
P017,2023-07,0.9813,258288.11,114589.52,143698.59
P017,2023-08,0.9738,256960.04,114397.03,142563.01
P017,2023-09,0.9744,257743.91,115145.29,142598.62
P017,2023-10,0.9775,259206.51,116201.65,143004.86
P017,2023-11,0.9891,262933.91,118282.81,144651.1
P017,2023-12,0.9822,261765.18,118166.82,143598.36
P017,2024-01,0.9837,262796.47,119045.18,143751.29
P017,2024-02,0.9844,263657.61,119850.88,143806.73
P017,2024-03,0.9858,264689.53,120738.65,143950.88
P017,2024-04,0.9639,259432.56,118752.47,140680.09
P017,2024-05,0.9673,261009.4,119890.0,141119.4
P017,2024-06,0.9716,262807.26,121135.88,141671.38
P017,2024-07,0.9628,261081.31,120759.1,140322.21
P017,2024-08,0.969,263421.65,122265.57,141156.08
P017,2024-09,0.9797,266973.09,124345.14,142627.95
P017,2024-10,0.976,266631.28,124618.08,142013.2
P017,2024-11,0.988,270579.58,126903.5,143676.08
P017,2024-12,0.995,273178.68,128568.33,144610.35
P017,2025-01,0.9797,269634.74,127342.01,142292.73
P017,2025-02,0.9907,273357.72,129549.52,143808.2
P017,2025-03,0.9814,271460.38,129098.01,142362.37
P017,2025-04,0.9707,269153.29,128446.25,140707.04
P017,2025-05,0.9664,268624.15,128639.82,139984.33
P017,2025-06,0.9594,267362.46,128481.15,138881.31
P017,2025-07,0.9636,269197.02,141980.12,127216.9
P017,2025-08,0.9425,263955.82,146244.37,117711.45
P017,2025-09,0.9622,270151.04,148635.58,121515.46
P017,2025-10,0.967,272170.97,148020.24,124150.73
P017,2025-11,0.9601,270893.35,152651.09,118242.26
P017,2025-12,0.9641,272685.17,149920.36,122764.81
P017,2026-01,0.9586,271816.72,150087.87,121728.85
P017,2026-02,0.9584,272440.93,152205.36,120235.57
P017,2026-03,0.9449,269266.87,150470.48,118796.39
P017,2026-04,0.9511,271694.75,155788.5,115906.25
P017,2026-05,0.9361,268072.14,152555.27,115516.87
P017,2026-06,0.9325,267715.98,157024.83,110691.15
P017,2026-07,0.9202,264827.17,157683.95,107143.22
P017,2026-08,0.9279,267727.16,159567.32,108159.84
P018,2022-09,0.9681,280207.5,119665.97,160541.53
P018,2022-10,0.9882,287048.6,122822.98,164225.62
P018,2022-11,0.9864,287560.59,123278.37,164282.22
P018,2022-12,0.9784,286244.18,122949.7,163294.48
P018,2023-01,0.9949,292131.52,125719.47,166412.05
P018,2023-02,0.994,292901.39,126292.88,166608.51
P018,2023-03,0.9757,288544.78,124653.35,163891.43
P018,2023-04,0.9723,288593.03,124913.65,163679.38
P018,2023-05,0.9854,293522.12,127291.15,166230.97
P018,2023-06,0.9805,293119.87,127360.85,165759.02
P018,2023-07,0.9693,290821.52,126604.91,164216.61
P018,2023-08,0.995,299599.06,130676.58,168922.48
P018,2023-09,0.9804,296258.71,129467.8,166790.91
P018,2023-10,0.986,299041.27,130934.79,168106.48
P018,2023-11,0.9803,298384.23,130898.03,167486.2
P018,2023-12,0.98,299347.24,131572.71,167774.53
P018,2024-01,0.9866,302462.84,133197.44,169265.4
P018,2024-02,0.9898,304542.51,134370.86,170171.65
P018,2024-03,0.9792,302350.1,133659.74,168690.36
P018,2024-04,0.9669,299631.41,132712.29,166919.12
P018,2024-05,0.9711,302024.03,134028.95,167995.08
P018,2024-06,0.9629,300531.78,133622.88,166908.9
P018,2024-07,0.9839,308214.94,137302.18,170912.76
P018,2024-08,0.977,307141.9,137086.95,170054.95
P018,2024-09,0.9684,305546.53,136636.81,168909.72
P018,2024-10,0.9935,314596.67,140954.12,173642.55
P018,2024-11,0.9861,313358.63,140669.08,172689.55
P018,2024-12,0.9748,310901.98,139834.32,171067.66
P018,2025-01,0.9895,316726.89,142727.79,173999.1
P018,2025-02,0.995,319619.0,144307.69,175311.31
P018,2025-03,0.9606,309689.18,140092.94,169596.24
P018,2025-04,0.9631,311612.44,141233.69,170378.75
P018,2025-05,0.9716,315497.46,143269.16,172228.3
P018,2025-06,0.9689,315735.43,143652.59,172082.84
P018,2025-07,0.9589,313602.85,157413.55,156189.3
P018,2025-08,0.9577,314349.56,161131.51,153218.05
P018,2025-09,0.945,311281.59,159292.96,151988.63
P018,2025-10,0.9476,313282.59,165006.32,148276.27
P018,2025-11,0.9564,317324.28,163066.52,154257.76
P018,2025-12,0.9571,318709.69,166041.65,152668.04
P018,2026-01,0.9592,320546.49,171631.2,148915.29
P018,2026-02,0.956,320630.88,168121.72,152509.16
P018,2026-03,0.9496,319615.37,172282.82,147332.55
P018,2026-04,0.9553,322686.93,169259.83,153427.1
P018,2026-05,0.9154,310330.53,163756.0,146574.53
P018,2026-06,0.9312,316825.4,169430.13,147395.27
P018,2026-07,0.9298,317500.57,169397.26,148103.31
P018,2026-08,0.9381,321491.91,178181.55,143310.36
P019,2022-09,0.9754,221960.46,75860.02,146100.44
P019,2022-10,0.9614,219013.07,75214.21,143798.86
P019,2022-11,0.9857,224793.43,77572.18,147221.25
P019,2022-12,0.9689,221189.81,76697.29,144492.52
P019,2023-01,0.976,223053.54,77717.1,145336.44
P019,2023-02,0.9767,223440.81,78228.04,145212.77
P019,2023-03,0.9788,224175.13,78864.21,145310.92
P019,2023-04,0.9566,219320.81,77529.13,141791.68
P019,2023-05,0.9533,218785.6,77713.47,141072.13
P019,2023-06,0.9684,222491.08,79411.37,143079.71
P019,2023-07,0.9545,219542.58,78737.46,140805.12
P019,2023-08,0.9709,223541.66,80558.92,142982.74
P019,2023-09,0.9739,224479.9,81287.76,143192.14
P019,2023-10,0.9798,226078.99,82262.22,143816.77
P019,2023-11,0.9907,228828.97,83664.99,145163.98
P019,2023-12,0.9839,227501.89,83581.53,143920.36
P019,2024-01,0.9793,226679.34,83681.56,142997.78
P019,2024-02,0.9758,226120.53,83878.44,142242.09
P019,2024-03,0.9728,225677.13,84118.29,141558.84
P019,2024-04,0.9588,222649.88,83390.75,139259.13
P019,2024-05,0.9673,224875.55,84631.14,140244.41
P019,2024-06,0.9753,226973.53,85833.27,141140.26
P019,2024-07,0.9447,220088.57,83631.62,136456.95
P019,2024-08,0.9576,223332.63,85274.21,138058.42
P019,2024-09,0.9841,229761.8,88152.76,141609.04
P019,2024-10,0.9822,229548.72,88496.37,141052.35
P019,2024-11,0.9683,226549.38,87761.9,138787.48
P019,2024-12,0.98,229529.89,89345.96,140183.93
P019,2025-01,0.9705,227563.19,89008.24,138554.95
P019,2025-02,0.9744,228721.84,89893.51,138828.33
P019,2025-03,0.9803,230332.37,90963.72,139368.65
P019,2025-04,0.9796,230414.73,91435.75,138978.98
P019,2025-05,0.9675,227811.11,90839.18,136971.93
P019,2025-06,0.9579,225807.74,90475.23,135332.51
P019,2025-07,0.9489,223921.42,90152.76,133768.66
P019,2025-08,0.9692,228963.55,92627.99,136335.56
P019,2025-09,0.9749,230534.59,93714.02,136820.57
P019,2025-10,0.9737,230502.14,94153.39,136348.75
P019,2025-11,0.9632,228265.97,93690.31,134575.66
P019,2025-12,0.9801,232517.23,95896.15,136621.08
P019,2026-01,0.9786,232400.72,96311.03,136089.69
P019,2026-02,0.9579,227738.62,94834.81,132903.81
P019,2026-03,0.9769,232499.92,97285.13,135214.79
P019,2026-04,0.9523,226884.45,95393.96,131490.49
P019,2026-05,0.9726,231969.73,98003.15,133966.58
P019,2026-06,0.9514,227170.25,96439.0,130731.25
P019,2026-07,0.9728,232509.92,99182.54,133327.38
P019,2026-08,0.956,228746.46,98048.44,130698.02
P020,2022-09,0.9637,238194.78,91740.47,146454.31
P020,2022-10,0.9518,235729.69,91177.37,144552.32
P020,2022-11,0.9561,237250.25,92155.98,145094.27
P020,2022-12,0.9646,239837.74,93557.47,146280.27
P020,2023-01,0.9549,237889.43,93192.32,144697.11
P020,2023-02,0.9598,239564.49,94247.86,145316.63
P020,2023-03,0.9687,242264.45,95715.62,146548.83
P020,2023-04,0.9552,239374.75,94976.36,144398.39
P020,2023-05,0.9477,237953.99,94814.39,143139.6
P020,2023-06,0.9537,239928.9,96008.1,143920.8
P020,2023-07,0.9484,239060.29,96067.57,142992.72
P020,2023-08,0.9497,239847.53,96794.06,143053.47
P020,2023-09,0.9478,239846.88,97205.67,142641.21
P020,2023-10,0.9651,244696.54,99593.14,145103.4
P020,2023-11,0.9759,247929.93,101338.53,146591.4
P020,2023-12,0.9632,245173.89,100638.45,144535.44
P020,2024-01,0.9671,246665.86,101681.71,144984.15
P020,2024-02,0.9691,247664.19,102527.66,145136.53
P020,2024-03,0.9609,246050.96,102293.25,143757.71
P020,2024-04,0.9661,247855.24,103481.83,144373.41
P020,2024-05,0.9562,245810.3,103064.74,142745.56
P020,2024-06,0.9426,242778.97,102226.9,140552.07
P020,2024-07,0.9567,246910.49,104408.95,142501.54
P020,2024-08,0.9463,244706.29,103917.19,140789.1
P020,2024-09,0.951,246401.75,105082.43,141319.32
P020,2024-10,0.951,246884.35,105736.26,141148.09
P020,2024-11,0.9544,248250.68,106773.85,141476.83
P020,2024-12,0.9715,253183.31,109358.76,143824.55
P020,2025-01,0.9606,250836.91,108806.3,142030.61
P020,2025-02,0.9694,253634.24,110487.85,143146.39
P020,2025-03,0.9561,250657.44,109655.73,141001.71
P020,2025-04,0.9651,253514.78,111377.65,142137.13
P020,2025-05,0.9556,251514.41,110969.01,140545.4
P020,2025-06,0.9585,252770.54,111997.77,140772.77
P020,2025-07,0.9529,251769.42,112028.87,139740.55
P020,2025-08,0.9397,248786.84,111172.78,137614.06
P020,2025-09,0.9638,255661.66,114730.99,140930.67
P020,2025-10,0.9647,256404.33,115553.88,140850.45
P020,2025-11,0.9622,256241.01,115971.66,140269.35
P020,2025-12,0.9745,260035.12,118189.62,141845.5
P020,2026-01,0.9676,258693.71,118080.25,140613.46
P020,2026-02,0.9809,262772.3,120452.28,142320.02
P020,2026-03,0.9434,253219.87,116567.45,136652.42
P020,2026-04,0.9563,257168.47,118888.9,138279.57
P020,2026-05,0.9574,257976.23,119769.8,138206.43
P020,2026-06,0.9542,257634.96,120120.33,137514.63
P020,2026-07,0.9656,261212.55,122306.58,138905.97
P020,2026-08,0.948,256966.19,120830.29,136135.9
P021,2022-09,0.9099,256417.64,90583.11,165834.53
P021,2022-10,0.9372,264651.39,93809.14,170842.25
P021,2022-11,0.9384,265532.41,94440.91,171091.5
P021,2022-12,0.9239,261942.78,93480.43,168462.35
P021,2023-01,0.9357,265839.6,95193.12,170646.48
P021,2023-02,0.9346,266065.65,95597.46,170468.19
P021,2023-03,0.9215,262868.39,94769.27,168099.12
P021,2023-04,0.9216,263422.54,95291.41,168131.13
P021,2023-05,0.9109,260885.43,94693.96,166191.47
P021,2023-06,0.9118,261670.72,95301.39,166369.33
P021,2023-07,0.8947,257291.85,94024.66,163267.19
P021,2023-08,0.901,259623.23,95198.68,164424.55
P021,2023-09,0.9212,265982.67,97861.62,168121.05
P021,2023-10,0.9243,267420.77,98724.7,168696.07
P021,2023-11,0.9287,269236.37,99732.35,169504.02
P021,2023-12,0.9394,272897.64,101431.71,171465.93
P021,2024-01,0.9287,270328.86,100817.99,169510.87
P021,2024-02,0.9131,266329.2,99663.48,166665.72
P021,2024-03,0.9083,265461.08,99675.81,165785.27
P021,2024-04,0.9172,268594.26,101194.58,167399.68
P021,2024-05,0.9316,273363.68,103341.08,170022.6
P021,2024-06,0.9202,270581.76,102636.62,167945.14
P021,2024-07,0.9131,269029.38,102394.16,166635.22
P021,2024-08,0.9239,272753.79,104164.06,168589.73
P021,2024-09,0.9353,276677.2,106021.06,170656.14
P021,2024-10,0.9294,275503.79,105929.75,169574.04
P021,2024-11,0.9217,273773.38,105621.73,168151.65
P021,2024-12,0.9448,281204.79,108857.01,172347.78
P021,2025-01,0.9227,275192.01,106891.0,168301.01
P021,2025-02,0.9199,274895.13,107138.12,167757.01
P021,2025-03,0.903,270393.04,105741.17,164651.87
P021,2025-04,0.9192,275793.5,108219.19,167574.31
P021,2025-05,0.9122,274252.72,107979.88,166272.84
P021,2025-06,0.9144,275464.26,108825.03,166639.23
P021,2025-07,0.8992,271455.4,122999.21,148456.19
P021,2025-08,0.8965,271191.4,123626.73,147564.67
P021,2025-09,0.8931,270682.47,120406.27,150276.2
P021,2025-10,0.894,271529.11,120632.11,150897.0
P021,2025-11,0.9002,273943.53,124551.89,149391.64
P021,2025-12,0.895,272912.46,122904.78,150007.68
P021,2026-01,0.894,273168.73,127079.76,146088.97
P021,2026-02,0.9089,278281.15,130306.62,147974.53
P021,2026-03,0.8781,269391.88,125842.84,143549.04
P021,2026-04,0.8811,270878.84,128533.11,142345.73
P021,2026-05,0.8708,268233.97,129641.3,138592.67
P021,2026-06,0.8679,267903.16,130464.96,137438.2
P021,2026-07,0.8617,266529.65,128271.78,138257.87
P021,2026-08,0.8821,273390.25,134010.74,139379.51
P022,2022-09,0.903,184934.84,66300.8,118634.04
P022,2022-10,0.9083,186661.95,67028.63,119633.32
P022,2022-11,0.9053,186687.14,67146.52,119540.62
P022,2022-12,0.916,189545.8,68285.4,121260.4
P022,2023-01,0.9191,190839.86,68863.22,121976.64
P022,2023-02,0.9121,190037.34,68684.98,121352.36
P022,2023-03,0.9129,190854.67,69092.38,121762.29
P022,2023-04,0.9079,190468.29,69064.46,121403.83
P022,2023-05,0.9129,192185.39,69800.23,122385.16
P022,2023-06,0.8884,187662.85,68268.34,119394.51
P022,2023-07,0.8979,190327.52,69350.12,120977.4
P022,2023-08,0.8999,191415.05,69859.62,121555.43
P022,2023-09,0.9086,193922.83,70889.79,123033.04
P022,2023-10,0.9097,194819.53,71333.21,123486.32
P022,2023-11,0.9065,194810.32,71445.65,123364.67
P022,2023-12,0.9163,197601.87,72587.1,125014.77
P022,2024-01,0.9077,196404.45,72264.38,124140.07
P022,2024-02,0.9096,197499.91,72785.43,124714.48
P022,2024-03,0.8971,195454.81,72148.69,123306.12
P022,2024-04,0.9077,198457.61,73376.06,125081.55
P022,2024-05,0.9023,197949.39,73306.99,124642.4
P022,2024-06,0.9031,198797.85,73740.73,125057.12
P022,2024-07,0.9063,200200.12,74381.45,125818.67
P022,2024-08,0.9105,201829.95,75108.75,126721.2
P022,2024-09,0.9019,200593.69,74769.89,125823.8
P022,2024-10,0.9117,203489.88,75972.57,127517.31
P022,2024-11,0.9055,202800.61,75838.17,126962.44
P022,2024-12,0.913,205181.49,76853.09,128328.4
P022,2025-01,0.9352,210884.26,79117.38,131766.88
P022,2025-02,0.9147,206976.68,77777.45,129199.23
P022,2025-03,0.9149,207735.69,78189.41,129546.28
P022,2025-04,0.9147,208417.89,78573.55,129844.34
P022,2025-05,0.8934,204252.24,77128.12,127124.12
P022,2025-06,0.9032,207217.07,78374.73,128842.34
P022,2025-07,0.8924,205443.34,77830.02,127613.32
P022,2025-08,0.9298,214790.38,81503.16,133287.22
P022,2025-09,0.9157,212250.27,80670.07,131580.2
P022,2025-10,0.9042,210303.02,80059.76,130243.26
P022,2025-11,0.9113,212686.26,81098.49,131587.77
P022,2025-12,0.8986,210441.48,80372.82,130068.66
P022,2026-01,0.9093,213698.73,81749.36,131949.37
P022,2026-02,0.916,216017.33,82770.5,133246.83
P022,2026-03,0.9113,215649.84,82763.85,132885.99
P022,2026-04,0.8865,210506.37,80921.02,129585.35
P022,2026-05,0.8929,212755.28,81918.32,130836.96
P022,2026-06,0.8875,212180.5,81829.65,130350.85
P022,2026-07,0.9046,217012.84,83829.18,133183.66
P022,2026-08,0.902,217143.66,84015.9,133127.76
P023,2022-09,0.9062,225293.68,88932.62,136361.06
P023,2022-10,0.9072,226240.52,89609.28,136631.24
P023,2022-11,0.9124,228246.0,90710.23,137535.77
P023,2022-12,0.9124,228963.13,91303.87,137659.26
P023,2023-01,0.9275,233473.91,93418.41,140055.5
P023,2023-02,0.9088,229480.43,92131.95,137348.48
P023,2023-03,0.8987,227640.25,91703.14,135937.11
P023,2023-04,0.9095,231079.18,93404.21,137674.97
P023,2023-05,0.9016,229788.38,93197.49,136590.89
P023,2023-06,0.8969,229309.15,93318.57,135990.58
P023,2023-07,0.9132,234212.23,95637.18,138575.05
P023,2023-08,0.9059,233066.25,95492.02,137574.23
P023,2023-09,0.9258,238936.88,98229.37,140707.51
P023,2023-10,0.9177,237564.26,97996.33,139567.93
P023,2023-11,0.911,236568.12,97916.4,138651.72
P023,2023-12,0.9114,237413.06,98599.41,138813.65
P023,2024-01,0.9211,240686.22,100297.81,140388.41
P023,2024-02,0.9099,238507.88,99727.17,138780.71
P023,2024-03,0.9027,237368.91,99587.56,137781.35
P023,2024-04,0.9089,239735.06,100921.41,138813.65
P023,2024-05,0.8974,237456.29,100301.16,137155.13
P023,2024-06,0.8958,237754.95,100767.93,136987.02
P023,2024-07,0.8988,239313.18,101772.37,137540.81
P023,2024-08,0.9045,241563.8,103077.92,138485.88
P023,2024-09,0.9165,245537.07,105128.72,140408.35
P023,2024-10,0.9204,247360.81,106268.78,141092.03
P023,2024-11,0.9139,246380.87,106206.79,140174.08
P023,2024-12,0.9109,246345.05,106551.52,139793.53
P023,2025-01,0.9074,246157.88,106831.69,139326.19
P023,2025-02,0.8991,244672.21,106547.06,138125.15
P023,2025-03,0.8859,241828.61,105665.94,136162.67
P023,2025-04,0.893,244528.55,107208.06,137320.49
P023,2025-05,0.91,249967.4,109964.31,140003.09
P023,2025-06,0.9085,250327.38,110496.17,139831.21
P023,2025-07,0.9178,253672.74,112352.61,141320.13
P023,2025-08,0.9101,252319.36,112132.23,140187.13
P023,2025-09,0.908,252539.71,112610.81,139928.9
P023,2025-10,0.9106,254042.05,113664.94,140377.11
P023,2025-11,0.9259,259122.6,116331.34,142791.26
P023,2025-12,0.9083,254987.14,114863.02,140124.12
P023,2026-01,0.9166,258133.01,116674.51,141458.5
P023,2026-02,0.8986,253859.17,115131.93,138727.24
P023,2026-03,0.9095,257727.5,117282.77,140444.73
P023,2026-04,0.8996,255703.58,116756.42,138947.16
P023,2026-05,0.9011,256932.08,117715.27,139216.81
P023,2026-06,0.9051,258890.86,119015.0,139875.86
P023,2026-07,0.905,259667.41,119776.86,139890.55
P023,2026-08,0.9003,259136.83,119937.54,139199.29
P024,2022-09,0.9625,384940.37,131289.39,253650.98
P024,2022-10,0.9634,386498.6,132420.01,254078.59
P024,2022-11,0.9728,391522.07,134750.83,256771.24
P024,2022-12,0.9753,393765.44,136138.92,257626.52
P024,2023-01,0.9649,390786.9,135723.23,255063.67
P024,2023-02,0.9479,385146.43,134372.25,250774.18
P024,2023-03,0.9619,392069.41,137409.32,254660.09
P024,2023-04,0.9531,389711.39,137203.7,252507.69
P024,2023-05,0.9539,391249.37,138371.26,252878.11
P024,2023-06,0.9477,389970.17,138545.73,251424.44
P024,2023-07,0.9565,394817.38,140905.36,253912.02
P024,2023-08,0.9515,394003.91,141254.17,252749.74
P024,2023-09,0.9441,392173.77,141237.1,250936.67
P024,2023-10,0.9645,401917.37,145404.06,256513.31
P024,2023-11,0.952,397977.68,144633.2,253344.48
P024,2023-12,0.959,402160.32,146817.56,255342.76
P024,2024-01,0.9713,408620.21,149853.93,258766.28
P024,2024-02,0.965,407254.36,150031.88,257222.48
P024,2024-03,0.9508,402527.53,148964.54,253562.99
P024,2024-04,0.9689,411497.39,152976.21,258521.18
P024,2024-05,0.9396,400323.3,149498.62,250824.68
P024,2024-06,0.946,404299.36,151669.72,252629.64
P024,2024-07,0.9436,404566.51,152459.77,252106.74
P024,2024-08,0.9561,411209.84,155667.64,255542.2
P024,2024-09,0.9455,407965.71,155141.51,252824.2
P024,2024-10,0.9613,416105.95,158956.31,257149.64
P024,2024-11,0.964,418565.49,160622.65,257942.84
P024,2024-12,0.9699,422479.26,162861.44,259617.82
P024,2025-01,0.9709,424250.34,164287.52,259962.82
P024,2025-02,0.9741,427006.84,166106.53,260900.31
P024,2025-03,0.957,420825.29,164445.96,256379.33
P024,2025-04,0.9401,414720.14,162796.86,251923.28
P024,2025-05,0.9561,423098.89,166840.81,256258.08
P024,2025-06,0.9334,414349.08,164133.15,250215.93
P024,2025-07,0.9552,425375.33,169266.77,256108.56
P024,2025-08,0.9409,420351.47,168027.94,252323.53
P024,2025-09,0.9512,426270.75,171168.55,255102.2
P024,2025-10,0.9417,423381.64,170781.16,252600.48
P024,2025-11,0.9475,427345.15,173163.45,254181.7
P024,2025-12,0.9663,437204.19,177963.64,259240.55
P024,2026-01,0.9634,437245.09,178789.25,258455.84
P024,2026-02,0.9469,431117.53,177084.95,254032.58
P024,2026-03,0.9683,442282.31,182496.71,259785.6
P024,2026-04,0.9458,433368.51,179631.43,253737.08
P024,2026-05,0.9491,436268.31,181655.33,254612.98
P024,2026-06,0.9461,436229.92,182464.95,253764.97
P024,2026-07,0.9491,439012.41,184463.44,254548.97
P024,2026-08,0.9392,435794.29,183943.54,251850.75
